name,address,city,searchedCity,region,country,lat,lng,rating,reviews,businessStatus,types,placeId,matchedQuery,looksWholesale
Балашихинская Овощная База (1 гимназия),"ул. Текстильщиков, 2, Балашиха, Московская обл., 143900",Балашиха,Москва,Москва,Russia,55.8121546,37.96212999999999,4.4,198,OPERATIONAL,establishment|food|point_of_interest,ChIJN1tQiVrMSkERt3Pah6WCSmM,плодоовощная база оптовая,yes
Плодоовощная База Зоя,"ул. Фабричная ветка, 1, Дедовск, Московская обл., 143532",Дедовск,Москва,Москва,Russia,55.86672,37.1219042,4.4,33,OPERATIONAL,establishment|food|point_of_interest,ChIJ2RdI-PdBtUYRKeMbXzMkbu0,плодоовощная база оптовая,yes
Инфреш,"микрорайон Шереметьевский, Южная ул., д. 1, стр. 33, Долгопрудный, Московская обл., 141720",Долгопрудный,Москва,Москва,Russia,55.9760467,37.4942673,4.5,15,OPERATIONAL,establishment|food|point_of_interest,ChIJV972DVg2tUYRoalPHdk8ENw,плодоовощная база оптовая,check
Овощной склад Хлебниково,"Новое ш., 31, Долгопрудный, Московская обл., 141703",Долгопрудный,Москва,Москва,Russia,55.9750862,37.4906997,4,11,OPERATIONAL,establishment|point_of_interest,ChIJP76-fow7tUYR1Pn2isLS-J8,плодоовощная база оптовая,check
ФРУИТ СТРИТ,"Южная ул., 1, строение 18, Долгопрудный, Московская обл., 141720",Долгопрудный,Москва,Москва,Russia,55.9748077,37.4882888,4,309,OPERATIONAL,establishment|food|grocery_or_supermarket|point_of_interest|store,ChIJnwbCYIk7tUYRwlmSwZTBFHs,плодоовощная база оптовая,check
Краснообский рынок,"ул. пос. раснообск, 61, Краснообск, Новосибирская обл., 630501",Краснообск,Новосибирск,Новосибирская область,Russia,54.9216051,82.9840359,4.2,388,OPERATIONAL,establishment|point_of_interest,ChIJZf7oVUnd30IRuAQJxXDO23Y,оптовый продовольственный рынок,yes
FoodDesk - поставщик овощей и фруктов,"Калужское ш., 10, Мамыри, Москва, 129090, Калужское ш., Москва, 142770",Москва,Москва,Москва,Russia,55.60076549999999,37.4709172,5,6,OPERATIONAL,establishment|food|grocery_or_supermarket|point_of_interest|storage|store,ChIJV_r6ZIutSkERWLxhtMsMlKU,плодоовощная база оптовая,check
FoodHouse.pro (АльфаТрейд),"Открытое ш., 13 стр. 1, Москва, 107143",Москва,Москва,Москва,Russia,55.817074,37.741223,4.2,5,OPERATIONAL,establishment|food|point_of_interest|store,ChIJ_aCBxvc0tUYRx0DxzfZUBVs,оптовая база продуктов питания,check
Ангар Сити,"Торговая ул., с1, Москва, Московская обл., 143085",Москва,Москва,Москва,Russia,55.6812291,37.4154547,3.9,21,OPERATIONAL,establishment|food|grocery_or_supermarket|point_of_interest|store,ChIJ287HPm1PtUYRXknucnjSCY0,оптовый продовольственный рынок,check
Белорусский базар,"МКАД 8 км, 3к1, Москва, 109145",Москва,Москва,Москва,Russia,55.704577,37.834453,4.3,96,OPERATIONAL,establishment|food|grocery_or_supermarket|point_of_interest|store,ChIJrW4lFfC1SkERXyq4wikPAvk,оптовая база продуктов питания,yes
Братиславский рынок,"Мячковский бул., 3а, Москва, 109451",Москва,Москва,Москва,Russia,55.65793499999999,37.751474,4.3,1769,OPERATIONAL,establishment|point_of_interest|shopping_mall,ChIJRx3hpxG0SkERdJ5bsOj6-G8,оптовый продовольственный рынок,yes
Велозаводский рынок,"Велозаводская ул., 13, с. 1, Москва, 115280",Москва,Москва,Москва,Russia,55.7104455,37.6683282,4.2,3572,OPERATIONAL,establishment|food|grocery_or_supermarket|point_of_interest|restaurant|store,ChIJ8xMlXM20SkERHfbk0QI7U9M,оптовый продовольственный рынок,yes
"Государственное унитарное предприятие ""Рижский рынок""","пр-т Мира, 88, Москва, 129110",Москва,Москва,Москва,Russia,55.7932901,37.63730410000001,4.2,3425,OPERATIONAL,establishment|florist|point_of_interest|store,ChIJFy-HC_Q1tUYRa-nRZkaYfhA,оптовый продовольственный рынок,yes
Даниловский рынок,"Мытная ул., 74, Москва, 115191",Москва,Москва,Москва,Russia,55.7121856,37.6205068,4.5,15624,OPERATIONAL,establishment|food|point_of_interest,ChIJVSw1SUBLtUYRuguJQx04lbQ,оптовый продовольственный рынок,yes
Домодедовский рынок,"Ореховый б-р, 14, к.3, Москва, 115582",Москва,Москва,Москва,Russia,55.6101669,37.7211311,4.3,9098,OPERATIONAL,establishment|food|grocery_or_supermarket|point_of_interest|store,ChIJOSUWgXuxSkER1gertpWGIRY,оптовый продовольственный рынок,yes
Дорогомиловский рынок,"ул. Можайский Вал, 10, Москва, 121151",Москва,Москва,Москва,Russia,55.7427254,37.55383,4.3,6054,OPERATIONAL,establishment|point_of_interest,ChIJQX5zEsFLtUYRHVkzqBOvzP0,оптовый продовольственный рынок,yes
Коптевский Рынок,"Коптевская ул., 24с9, Москва, 125239",Москва,Москва,Москва,Russia,55.8333495,37.5219155,4,2522,OPERATIONAL,establishment|point_of_interest,ChIJb4iDRdk3tUYRgKrOf2NPL8Y,сельскохозяйственный рынок,yes
Кунцевский универсальный рынок,"ул. Маршала Неделина, 19, Москва, 121471",Москва,Москва,Москва,Russia,55.7260578,37.4071894,4.1,3465,OPERATIONAL,establishment|food|grocery_or_supermarket|point_of_interest|store,ChIJX4W85O9OtUYRKZhjLegmNuk,сельскохозяйственный рынок,yes
Кунцевское,"Рябиновая ул., 55, Москва, 121471",Москва,Москва,Москва,Russia,55.6911249,37.4278283,4.3,8,OPERATIONAL,establishment|food|point_of_interest,ChIJZYN0HNhNtUYRfPNPdaDGScA,плодоовощная база оптовая,check
Курьяновская Плодоовощная База,"4386-й Проектируемый пр-д, 10 строение 1, Москва, 109235",Москва,Москва,Москва,Russia,55.6491389,37.6896576,4.2,18,OPERATIONAL,establishment|point_of_interest|storage,ChIJizBYwISzSkER2-7B5voomVE,плодоовощная база оптовая,yes
Ленинградский сельскохозяйственный рынок,"ул. Часовая, 11/3, стр. 1, Москва, 125315",Москва,Москва,Москва,Russia,55.8080708,37.5290585,4.1,2342,OPERATIONAL,establishment|food|grocery_or_supermarket|point_of_interest|store,ChIJ625LoM5JtUYRoo7xxoQorTM,оптовый продовольственный рынок,yes
Мосбаза - продукты питания оптом,"Мелитопольская ул., 1, корп. 2, стр. 2, Москва, 117403",Москва,Москва,Москва,Russia,55.584539,37.6356305,3.4,15,OPERATIONAL,establishment|food|point_of_interest,ChIJS_drK5-zSkERmhlZlRm5GIs,оптовая база продуктов питания,yes
Москворецкая оптовая-продуктовая база,"1-й Котляковский пер., 1, Москва, 115201",Москва,Москва,Москва,Russia,55.6514885,37.6357127,3.8,127,OPERATIONAL,establishment|point_of_interest|shopping_mall,ChIJvQZi5xOzSkERGvshu-nu_rI,плодоовощная база оптовая,yes
Москворецкий рынок,"Болотниковская ул., 12, Москва, 117556",Москва,Москва,Москва,Russia,55.6566159,37.6072849,4.2,14569,OPERATIONAL,establishment|food|point_of_interest|restaurant,ChIJ7a6m4zqzSkERM2aH220AvB8,оптовый продовольственный рынок,yes
Новоясеневский рынок,"Новоясеневский пр., 1, Москва, 117574",Москва,Москва,Москва,Russia,55.6206802,37.5086372,4.1,2449,OPERATIONAL,establishment|food|grocery_or_supermarket|point_of_interest|store,ChIJ9RvWs6xStUYRLgxsbIAZ6p0,сельскохозяйственный рынок,yes
Овощебаза,"Москва, 142771",Москва,Москва,Москва,Russia,55.5960978,37.462881,4,628,OPERATIONAL,establishment|food|point_of_interest,ChIJX4Co6wJTtUYR-jFSTnXIvJE,оптовый продовольственный рынок,yes
Овощная База Зоя,"1-й Дорожный пр-д, 3, Москва, 117545",Москва,Москва,Москва,Russia,55.6153019,37.6179444,4.5,2,OPERATIONAL,establishment|food|point_of_interest,ChIJ1aEy_l6ySkERuQJ2XF4PKs0,плодоовощная база оптовая,yes
Октябрьская Плодоовощная База,"Каширский пр-д, 27, Москва, 115201",Москва,Москва,Москва,Russia,55.6506617,37.6238646,3.9,12,OPERATIONAL,establishment|food|point_of_interest,ChIJoa1xqxezSkER3ojrQVGQ-i0,плодоовощная база оптовая,yes
Опт продукты,"3с16, МКАД 8 км, 3 строение 16, Москва, 109507",Москва,Москва,Москва,Russia,55.7029727,37.83393040000001,4.5,55,OPERATIONAL,establishment|food|grocery_or_supermarket|point_of_interest|store,ChIJHxiB_u-1SkERjbYIbEs8XPI,оптовая база продуктов питания,yes
Оптовая Овощная База Тушино,"Москва, 125362",Москва,Москва,Москва,Russia,55.82516469999999,37.4475936,4.2,5,OPERATIONAL,establishment|food|grocery_or_supermarket|point_of_interest|store,ChIJ2WZWE-JJtUYRKL3PskNSPnE,плодоовощная база оптовая,yes
Оптовая Продуктовая База,"ул. Свободы, 1. 5, Москва, 125362",Москва,Москва,Москва,Russia,55.822679,37.448757,4.3,163,OPERATIONAL,establishment|food|grocery_or_supermarket|point_of_interest|store,ChIJz9BmbHVItUYR8t2IT91KKVk,оптовый продовольственный рынок,yes
Оптово розничный рынок,"ул. Адмирала Корнилова, Москва, 119620",Москва,Москва,Москва,Russia,55.62399809999999,37.4409174,4.4,201,OPERATIONAL,establishment|point_of_interest|shopping_mall,ChIJqxZOtfJStUYRN5LFtyDzrZI,оптовый продовольственный рынок,yes
"ПОСТАВЩИК № 1, оптово-розничная компания","Дорожная ул., 48Б, Москва, 117405",Москва,Москва,Москва,Russia,55.58561599999999,37.6103661,4.5,17,OPERATIONAL,establishment|food|point_of_interest|store,ChIJk_Qi6RCzSkERJla7WrJIokc,оптовая база продуктов питания,yes
Преображенский рынок,"ул. Преображенский Вал, 17, Москва, 107061",Москва,Москва,Москва,Russia,55.7932395,37.7191734,4.5,9837,OPERATIONAL,establishment|point_of_interest,ChIJYRCTQw41tUYRsSMIRHzokpk,оптовый продовольственный рынок,yes
Продовольственный Рынок,"Анадырский пр-д, 8к1, Москва, 129327",Москва,Москва,Москва,Russia,55.863609,37.682772,4.1,914,OPERATIONAL,establishment|food|grocery_or_supermarket|point_of_interest|store,ChIJHQR8PrA2tUYRaTpB8NwtSCM,сельскохозяйственный рынок,yes
Продуктовая база №1,"Коровинское ш., 35 строение 4, Москва, 125412",Москва,Москва,Москва,Russia,55.882358,37.5087731,,,OPERATIONAL,establishment|point_of_interest,ChIJGSuHW6o5tUYRzGuQaLeMSYU,плодоовощная база оптовая,yes
Продуктовая база SHOPPRODUKT офис,"Кронштадтский б-р, 7а, Москва, 125212",Москва,Москва,Москва,Russia,55.8423665,37.4860817,5,2,OPERATIONAL,establishment|food|point_of_interest,ChIJV1N_vf03tUYRDxgR268QZWM,плодоовощная база оптовая,yes
Продуктовый рынок,"Снайперская ул., 9Б, Москва, 111395",Москва,Москва,Москва,Russia,55.721284,37.815046,4.2,657,OPERATIONAL,establishment|food|grocery_or_supermarket|point_of_interest|store,ChIJfdVbaoi1SkERENmlR8IxoI8,оптовый продовольственный рынок,yes
Продуктовый склад 24,"Коровинское ш., д. 35 стр 4, Москва, 125412",Москва,Москва,Москва,Russia,55.8644931,37.54444429999999,5,1,OPERATIONAL,establishment|food|point_of_interest,ChIJjSEe_9M3tUYRzYM9h0k1VII,оптовая база продуктов питания,check
Продукты питания оптом - Добрый Кит,"Шоссейная ул., 1 корпус 1, Москва, 109388",Москва,Москва,Москва,Russia,55.704427,37.72507299999999,,,OPERATIONAL,establishment|food|point_of_interest,ChIJI21Clfm0SkERoDIq_HMWCTo,оптовая база продуктов питания,yes
Рогожские Торговые Ряды,"Рогожский Вал ул., 5, стр. 1, Москва, 109544",Москва,Москва,Москва,Russia,55.7442751,37.6791294,4.2,691,OPERATIONAL,establishment|food|grocery_or_supermarket|liquor_store|meal_delivery|point_of_interest|restaurant|store,ChIJ6RnFlMBKtUYRL9IZmrtbhd8,оптовый продовольственный рынок,check
Рогожский Рынок,"Рогожский Вал ул., д. 5, стр.1, Москва, 109544",Москва,Москва,Москва,Russia,55.74435399999999,37.679241,4.4,778,OPERATIONAL,establishment|food|grocery_or_supermarket|point_of_interest|store,ChIJB1YklcBKtUYRz9T-sO-d5k8,оптовый продовольственный рынок,yes
Рынок азиатских продуктов,"Тихорецкий б-р, 1, Москва, 109559",Москва,Москва,Москва,Russia,55.6763038,37.7775115,4.3,217,OPERATIONAL,establishment|point_of_interest,ChIJeb9h3DG0SkERiZCBBQVEy58,оптовый продовольственный рынок,yes
Сельскохозяйственный рынок,"Каширское ш., 25Б, Москва, 115230",Москва,Москва,Москва,Russia,55.65617100000001,37.647899,4,156,OPERATIONAL,establishment|point_of_interest,ChIJTXjJjWyzSkERav72XcWx4ck,сельскохозяйственный рынок,yes
Сельскохозяйственный Рынок,"Кировоградская ул., 15А, Москва, 117519",Москва,Москва,Москва,Russia,55.61006,37.6035133,4,2169,OPERATIONAL,establishment|point_of_interest,ChIJ1b2wGGKySkER8zjNpbIrHvc,сельскохозяйственный рынок,yes
Сельскохозяйственный рынок.,"Люблинская ул., 10 строение 4, Москва, 109390",Москва,Москва,Москва,Russia,55.7012739,37.7318586,4.2,448,OPERATIONAL,establishment|food|grocery_or_supermarket|point_of_interest|store,ChIJ85Z2d-61SkERhgBkOdDly8A,сельскохозяйственный рынок,yes
ТК Бутырский рынок,"1-я Квесисская ул., 18, Москва, 127220",Москва,Москва,Москва,Russia,55.7938889,37.5786111,4.1,3087,OPERATIONAL,establishment|food|grocery_or_supermarket|point_of_interest|store,ChIJvfmhhfBJtUYRaxdNkA7hR6Q,сельскохозяйственный рынок,yes
ТРИУМФУД ОПТОВАЯ БАЗА ПРОДУКТОВ,"Дмитровское ш., 60, Москва, 127474",Москва,Москва,Москва,Russia,55.85296529999999,37.5673766,5,1,OPERATIONAL,establishment|point_of_interest,ChIJudymla83tUYRqLNUTtOGrG4,оптовая база продуктов питания,yes
"Федеральная оптовая компания ""Отличные цены""","Рябиновая ул., 55, стр 2, Москва, 121471",Москва,Москва,Москва,Russia,55.69116349999999,37.4290994,3,2,OPERATIONAL,establishment|point_of_interest,ChIJ1SqAHNhNtUYRcIuEQIt24eU,оптовая база продуктов питания,yes
"Фермерский рынок ""Ветерок""","ул. Лётчика Бабушкина, 30 строение 1, Москва, 129344",Москва,Москва,Москва,Russia,55.870327,37.6762924,3.9,1469,OPERATIONAL,establishment|point_of_interest,ChIJW1OOe7Y2tUYRIto3pA2_t9w,сельскохозяйственный рынок,yes
Фермерский рынок Ветерок,"Коптевская ул., 24, Москва, 125239",Москва,Москва,Москва,Russia,55.83358,37.5218887,4.2,680,OPERATIONAL,establishment|point_of_interest,ChIJk2nlN9k3tUYRJXA7S-KWi88,сельскохозяйственный рынок,yes
Фермерский рынок Вешняковский,"ул. Вешняковская, 18Б, Москва, 111538",Москва,Москва,Москва,Russia,55.72275920000001,37.8243522,4.2,2525,OPERATIONAL,establishment|food|grocery_or_supermarket|point_of_interest|restaurant|store,ChIJ_1SfWXbKSkERjSmINfPjzmQ,оптовый продовольственный рынок,yes
Фуд Сити,"Калужское ш., 10, Мамыри, Москва, 129090",Москва,Москва,Москва,Russia,55.600927,37.4706743,4.2,2990,OPERATIONAL,establishment|food|grocery_or_supermarket|point_of_interest|store,ChIJr1KsYXpKtUYR9K8RM9BLwMM,оптовый продовольственный рынок,check
Экомаркет,"ул. Профсоюзная, 126 корпус 3, Москва, 117321",Москва,Москва,Москва,Russia,55.63024859999999,37.5167037,4.4,1042,OPERATIONAL,establishment|food|grocery_or_supermarket|point_of_interest|restaurant|store,ChIJA0EcQFFNtUYR9qUy02VpAAU,сельскохозяйственный рынок,check
"Оптовая База Овощей(картофель,морковь,капуста)","Московская обл., 140250",Московская обл.,Москва,Москва,Russia,55.4672784,38.3850905,4.8,26,OPERATIONAL,establishment|food|point_of_interest,ChIJU_yi7AaTSkERpUzauPLHSsc,плодоовощная база оптовая,yes
Оптовый Рынок,"Мытищи, Московская обл., 127224",Мытищи,Москва,Москва,Russia,55.8961257,37.6821174,4.5,688,OPERATIONAL,establishment|point_of_interest,ChIJkb-1EiMxtUYRuwZ9drWnaPE,оптовый продовольственный рынок,yes
Продукты питания ОПТОМ,"Ярмарочная ул., с14, 1 Агар 6-4, 6-5, Мытищи, Московская обл., 141014",Мытищи,Москва,Москва,Russia,55.8962203,37.6805004,4.6,5,OPERATIONAL,establishment|point_of_interest|storage,ChIJY7H9NBpKtUYRm8FfTWenB1U,оптовая база продуктов питания,yes
Оптовая База,"ул. Адмирала Корнилова, 35 Б, Новая Москва, Московская обл., 142771",Новая Москва,Москва,Москва,Russia,55.6187391,37.4465806,3.9,16,OPERATIONAL,establishment|point_of_interest,ChIJJ9XorNxStUYRQ6LSZBXfRjQ,плодоовощная база оптовая,yes
"""Континенты и Океаны"" ООО","47к1,, ул. Петухова, 47 корпус 1, Новосибирск, Новосибирская обл., 630052",Новосибирск,Новосибирск,Новосибирская область,Russia,54.9535376,82.86017950000002,5,1,OPERATIONAL,establishment|food|point_of_interest,ChIJKfeJesng30IRuCNLgygF1pc,оптовая база продуктов питания,check
Адамант,"Игарская ул., 56, Новосибирск, Новосибирская обл., 630020",Новосибирск,Новосибирск,Новосибирская область,Russia,55.102388,82.931562,4.5,4,OPERATIONAL,establishment|point_of_interest,ChIJdV0ypWLv30IR6rCr67EuF18,плодоовощная база оптовая,check
Барс,"ул. Большая, 274, Новосибирск, Новосибирская обл., 630036",Новосибирск,Новосибирск,Новосибирская область,Russia,55.0097045,82.8666763,4.9,15,OPERATIONAL,establishment|food|point_of_interest|store,ChIJT3M9Defn30IRl1Q4Hq7mbiE,оптовая база продуктов питания,check
Волочаевский,"Гусинобродское ш., 11к5, Новосибирск, Новосибирская обл., 630124",Новосибирск,Новосибирск,Новосибирская область,Russia,55.0364538,83.0018494,4,689,OPERATIONAL,establishment|point_of_interest,ChIJOfe20Dnv30IRqnmY2QzYxVI,сельскохозяйственный рынок,check
Геба ЗАО,"ул. Станционная, 38, Новосибирск, Новосибирская обл., 630136",Новосибирск,Новосибирск,Новосибирская область,Russia,54.99755400000001,82.8452815,4.1,37,OPERATIONAL,establishment|food|grocery_or_supermarket|point_of_interest|store,ChIJizvLHknh30IRQEilAMZVljE,оптовая база продуктов питания,check
Городская социальная продовольственная ярмарка,"ул. Большевистская, 131, к. 2, Новосибирск, Новосибирская обл., 630083",Новосибирск,Новосибирск,Новосибирская область,Russia,55.000146,82.95805610000001,4.4,477,OPERATIONAL,establishment|point_of_interest,ChIJ6Vb8aT3m30IRYuEL8mNqg_A,оптовый продовольственный рынок,yes
Городская Социальная Продовольственная Ярмарка,"к, ул. Петухова, 69 корпус 1, Новосибирск, Новосибирская обл., 630088",Новосибирск,Новосибирск,Новосибирская область,Russia,54.944076,82.90618049999999,4.5,237,OPERATIONAL,establishment|food|point_of_interest,ChIJr5i55Wjn30IR9ibWs5rSxiY,оптовый продовольственный рынок,yes
Заельцовский Рынок,"ул. Дуси Ковальчук, 274/1, Новосибирск, Новосибирская обл., 630049",Новосибирск,Новосибирск,Новосибирская область,Russia,55.05897659999999,82.9173002,3.8,586,OPERATIONAL,establishment|point_of_interest,ChIJB2dOSabl30IRxhlpEY5lfWw,сельскохозяйственный рынок,yes
ИП Гордиенко,"ул. Связистов, 161/2, Новосибирск, Новосибирская обл., 630052",Новосибирск,Новосибирск,Новосибирская область,Russia,54.9630318,82.8319049,4.2,25,OPERATIONAL,establishment|food|grocery_or_supermarket|point_of_interest|store,ChIJI6_f_Obg30IR7zZsyR3Idt4,сельскохозяйственный рынок,check
Крестьянская Слобода,"ул. Кубовая, 103/2, Новосибирск, Новосибирская обл., 630040",Новосибирск,Новосибирск,Новосибирская область,Russia,55.1288032,82.898529,4.8,17,OPERATIONAL,establishment|point_of_interest,ChIJTT0jucL630IRR4Jx4xWgv8k,оптовый продовольственный рынок,check
"Левобережка, магазин-склад овощей и фруктов","Новосибирск, Новосибирская обл., 630088",Новосибирск,Новосибирск,Новосибирская область,Russia,54.9517669,82.9115447,4.3,282,OPERATIONAL,establishment|food|grocery_or_supermarket|point_of_interest|store,ChIJATYVqG3n30IRmCKolOeoLTM,оптовый продовольственный рынок,check
"Левобережный, универсальный розничный рынок","корп. 8, ул. Сибиряков-Гвардейцев, 49/1, Новосибирск, Новосибирская обл., 630088",Новосибирск,Новосибирск,Новосибирская область,Russia,54.9492246,82.9227174,4.2,661,OPERATIONAL,establishment|point_of_interest,ChIJ-dMc0HLn30IRuUvMCz78qz8,оптовый продовольственный рынок,yes
Ленинский рынок,"а, ул. Плахотного, 2, Новосибирск, Новосибирская обл., 630034",Новосибирск,Новосибирск,Новосибирская область,Russia,54.9863387,82.86049679999999,3.9,5103,OPERATIONAL,establishment|food|grocery_or_supermarket|point_of_interest|store|supermarket,ChIJB9oOZs7m30IRr6O_82PnvzE,оптовый продовольственный рынок,yes
Мастер Кейк,"ул. 2-я Школьная, 43 Б, Новосибирск, Новосибирская обл., 630032",Новосибирск,Новосибирск,Новосибирская область,Russia,55.0019111,82.87765499999999,4.4,5,OPERATIONAL,establishment|point_of_interest,ChIJdZ90qrzm30IRi9T48wZlsOI,оптовый продовольственный рынок,check
Мой сад,"пр. Северный, 7/2, Новосибирск, Новосибирская обл., 630088",Новосибирск,Новосибирск,Новосибирская область,Russia,54.9494476,82.909087,4.9,16,OPERATIONAL,establishment|food|point_of_interest,ChIJ25YUQmzn30IR6RASQkcaWIo,плодоовощная база оптовая,check
НАША РЫБА,"пр. Северный, 3/1, офис 25, Новосибирск, Новосибирская обл., 630088",Новосибирск,Новосибирск,Новосибирская область,Russia,54.94892429999999,82.8904924,4.9,13,OPERATIONAL,establishment|food|point_of_interest,ChIJa4o240bn30IRxJg9gFzKrsQ,оптовая база продуктов питания,check
Новосиб-фрукт,"Тайгинская ул., 103, Новосибирск, Новосибирская обл., 630129",Новосибирск,Новосибирск,Новосибирская область,Russia,55.11536599999999,82.97273,,,OPERATIONAL,establishment|point_of_interest,ChIJBwE45jLx30IR90SYwH1I6wo,плодоовощная база оптовая,check
Овощи И Фрукты Оптом,"ул. Дунайская, 16/9, Новосибирск, Новосибирская обл., 630009",Новосибирск,Новосибирск,Новосибирская область,Russia,55.003366,82.9697769,3.8,5,OPERATIONAL,establishment|food|point_of_interest|store,ChIJN29gIR_m30IRKr7M6vCqNRg,плодоовощная база оптовая,yes
Овощной мир,"Беловежская ул., 5, Новосибирск, Новосибирская обл., 630024",Новосибирск,Новосибирск,Новосибирская область,Russia,54.9599499,82.87958990000001,4.5,33,OPERATIONAL,establishment|food|point_of_interest|store,ChIJQ3HHqSLn30IRz8Yd0RJBDTY,оптовый продовольственный рынок,check
Октябрьский рынок,"Ленинградская ул., 75, Новосибирск, Новосибирская обл., 630008",Новосибирск,Новосибирск,Новосибирская область,Russia,55.0157471,82.9531403,4,2472,OPERATIONAL,establishment|food|grocery_or_supermarket|point_of_interest|store,ChIJyyc-3A7m30IRzeV9ZHGAYYg,оптовый продовольственный рынок,yes
"ООО ""Аргут"" - продукты питания оптом","Толмачевское ш., 27 корпус 2, Новосибирск, Новосибирская обл., 630052",Новосибирск,Новосибирск,Новосибирская область,Russia,54.96263700000001,82.819272,4,2,OPERATIONAL,establishment|food|point_of_interest,ChIJwy26Pfvg30IRSxE8Qxnlk8I,оптовая база продуктов питания,yes
ООО ИРП54,"ул. Добролюбова, 16, Новосибирск, Новосибирская обл., 630009",Новосибирск,Новосибирск,Новосибирская область,Russia,55.0089722,82.9513589,5,2,OPERATIONAL,establishment|food|point_of_interest,ChIJSx9qJhLm30IRc-qd_zu96sU,оптовая база продуктов питания,check
ООО Молетай,"ул. Станционная, 38/1, Новосибирск, Новосибирская обл., 630108",Новосибирск,Новосибирск,Новосибирская область,Russia,55.000056,82.83131,5,2,OPERATIONAL,establishment|food|point_of_interest,ChIJo__KY0Ln30IRfCYMWCIHQ0s,оптовая база продуктов питания,check
ОПТОВАЯ КОМПАНИЯ ПО ПРОДАЖЕ ПРОДУКТОВ ПИТАНИЯ,"строение 6, ул. Сибиряков-Гвардейцев, 49/1, Новосибирск, Новосибирская обл., 630088",Новосибирск,Новосибирск,Новосибирская область,Russia,54.952095,82.9018024,,,OPERATIONAL,establishment|point_of_interest,ChIJLwbdz2rn30IR09TlFzh2eHE,оптовая база продуктов питания,yes
Пионер Оптово-Розничный Рынок,"Гусинобродское ш., 62, Новосибирск, Новосибирская обл., 630124",Новосибирск,Новосибирск,Новосибирская область,Russia,55.0366029,83.0116288,4.3,380,OPERATIONAL,establishment|point_of_interest,ChIJ3_GAgzrv30IRwY3cfuhT4iw,оптовый продовольственный рынок,yes
Плодоовощная База N 2 ООО,"ул. Дунайская, 16/1, Новосибирск, Новосибирская обл., 630063",Новосибирск,Новосибирск,Новосибирская область,Russia,55.0041763,82.9697053,4.4,19,OPERATIONAL,establishment|food|grocery_or_supermarket|point_of_interest|store,ChIJo0f-2h7m30IRLePlJ0dukoc,оптовый продовольственный рынок,yes
ПродГамма,"Толмачевское ш., 17/1, Новосибирск, Новосибирская обл., 630052",Новосибирск,Новосибирск,Новосибирская область,Russia,54.9559313,82.8289927,4.4,25,OPERATIONAL,establishment|food|grocery_or_supermarket|point_of_interest|store,ChIJYZHXxO7g30IRZrxs03z3EWM,оптовая база продуктов питания,check
Продукты питания,"ул. Доватора, 19/1, Новосибирск, Новосибирская обл., 630124",Новосибирск,Новосибирск,Новосибирская область,Russia,55.04384810000001,82.99896869999999,5,5,OPERATIONAL,establishment|food|grocery_or_supermarket|point_of_interest|store,ChIJ0UvQ_z7v30IRD0RFqVGcunI,оптовая база продуктов питания,check
"РОСАГРОРЕЗЕРВ, доставка овощей и фруктов оптом и в розницу","ул. Костычева, 40/2, Новосибирск, Новосибирская обл., 630079",Новосибирск,Новосибирск,Новосибирская область,Russia,54.9764395,82.8764356,3.9,11,OPERATIONAL,establishment|food|point_of_interest|store,ChIJdxegndfm30IRteM5mIykd5A,плодоовощная база оптовая,yes
Рынок,"ул. Красноярская, 32к2, Новосибирск, Новосибирская обл., 630132",Новосибирск,Новосибирск,Новосибирская область,Russia,55.038996,82.902417,3.5,25,OPERATIONAL,establishment|food|grocery_or_supermarket|point_of_interest|store,ChIJm7LeADXk30IRBvVVRN2rdP0,оптовый продовольственный рынок,yes
"Сахарный Альянс Сибири, ООО","ул. Толмачёвская, 1/1, Новосибирск, Новосибирская обл., 630052",Новосибирск,Новосибирск,Новосибирская область,Russia,54.9642999,82.8283956,4.3,4,OPERATIONAL,establishment|food|point_of_interest,ChIJr87Op-bg30IRnY-AUVvjJvE,оптовая база продуктов питания,check
Сибирские земли,"ул. Декабристов, 247, Новосибирск, Новосибирская обл., 630009",Новосибирск,Новосибирск,Новосибирская область,Russia,55.0021601,82.97139410000001,4.3,23,OPERATIONAL,establishment|food|point_of_interest,ChIJVcQ6tkvn30IREy50tf-WcMg,плодоовощная база оптовая,check
"Сибирский продукт, продажа, доставка продуктов питания","ул. Дунайская, 19/1, Новосибирск, Новосибирская обл., 630009",Новосибирск,Новосибирск,Новосибирская область,Russia,55.00443199999999,82.968706,4.5,24,OPERATIONAL,establishment|food|meal_delivery|point_of_interest|store,ChIJWeTJzh7m30IRWuFgCSEcFm0,оптовая база продуктов питания,check
Сибирь Сервис Опт,"ул. Сибиряков-Гвардейцев, 51/1, Новосибирск, Новосибирская обл., 630088",Новосибирск,Новосибирск,Новосибирская область,Russia,54.944517,82.89998399999999,4,3,OPERATIONAL,establishment|food|point_of_interest,ChIJTes9Y0Ln30IRqlGMvxXue0Q,оптовая база продуктов питания,yes
Сибмир Групп,"Новосибирск, Новосибирская обл., 630088",Новосибирск,Новосибирск,Новосибирская область,Russia,54.94781700000001,82.875918,5,4,OPERATIONAL,establishment|food|point_of_interest,ChIJf0FcyEvn30IRuNCYgT_lIHo,оптовая база продуктов питания,check
СибСнабПродукт,"Электрозаводской пр-д, 10, Новосибирск, Новосибирская обл., 630099",Новосибирск,Новосибирск,Новосибирская область,Russia,55.059909,82.971597,3.8,4,OPERATIONAL,establishment|point_of_interest,ChIJXTdgYsPl30IRNltlRXdItxM,оптовая база продуктов питания,check
Торговый Комплекс Восток,"ул. Дегтярева, 19, Новосибирск, Новосибирская обл., 630010",Новосибирск,Новосибирск,Новосибирская область,Russia,55.0432116,83.0354653,4.2,3654,OPERATIONAL,establishment|point_of_interest|shopping_mall,ChIJE2lgndvu30IRlFNxMNgGWxs,оптовый продовольственный рынок,check
Фермерский Рынок,"ул. Кубовая, 103, Новосибирск, Новосибирская обл., 630040",Новосибирск,Новосибирск,Новосибирская область,Russia,55.1280429,82.897432,4.7,14,OPERATIONAL,establishment|point_of_interest,ChIJbbGRNN3630IRh5HgjWfKNPk,оптовый продовольственный рынок,yes
ФРУКТЛЭНД,"пр. Северный, 7/4, Новосибирск, Новосибирская обл., 630088",Новосибирск,Новосибирск,Новосибирская область,Russia,54.9494967,82.9259232,,,OPERATIONAL,establishment|point_of_interest,ChIJGdU9M3Tn30IRMyu32Wek15w,плодоовощная база оптовая,check
"Фрукты, овощи","ул. Зорге, 1A, Новосибирск, Новосибирская обл., 630088",Новосибирск,Новосибирск,Новосибирская область,Russia,54.9382855,82.8987432,5,2,OPERATIONAL,establishment|food|grocery_or_supermarket|point_of_interest|store,ChIJR19AVFzn30IRmHaz9Eb-sS0,оптовый продовольственный рынок,check
Хилокский рынок,"Хилокская ул., 9 А, Новосибирск, Новосибирская обл., 630052",Новосибирск,Новосибирск,Новосибирская область,Russia,54.94786449999999,82.83278659999999,3.8,2116,OPERATIONAL,establishment|point_of_interest|shopping_mall,ChIJWxFAepPg30IR2q8BcdTbOUk,оптовый продовольственный рынок,yes
Центральный рынок,"ул. Мичурина, 12, Новосибирск, Новосибирская обл., 630091",Новосибирск,Новосибирск,Новосибирская область,Russia,55.0414646,82.92372259999999,4.1,9476,OPERATIONAL,establishment|point_of_interest|shopping_mall,ChIJU-wH8cfl30IRHIAZjnXBP7U,оптовый продовольственный рынок,yes
Чкаловский рынок,"ул. Бродского, 1, Новосибирск, Новосибирская обл., 630051",Новосибирск,Новосибирск,Новосибирская область,Russia,55.0578023,82.9801983,4.1,551,OPERATIONAL,establishment|point_of_interest,ChIJBwLlMG7v30IR5Hij2SL-DV0,сельскохозяйственный рынок,yes
Экопарк,"ул. Сибиряков-Гвардейцев, 47 к1, Новосибирск, Новосибирская обл., 630088",Новосибирск,Новосибирск,Новосибирская область,Russia,54.9538671,82.9026705,4,8,OPERATIONAL,establishment|food|grocery_or_supermarket|point_of_interest|store,ChIJZ5EzTNzn30IRfdhS0HTttQY,сельскохозяйственный рынок,check
Ярмарка свежих продуктов,"Красный пр-т., 220 корпус 10, Новосибирск, Новосибирская обл., 630049",Новосибирск,Новосибирск,Новосибирская область,Russia,55.0686135,82.91254289999999,4.1,137,OPERATIONAL,establishment|food|grocery_or_supermarket|point_of_interest|store,ChIJ9S-e2A7l30IRyJyc8gmamBE,оптовый продовольственный рынок,yes
Оптовая Овощная База,"Оптовая овощная база, Реутов, Московская обл., 143964",Реутов,Москва,Москва,Russia,55.7572111,37.8457946,4.2,62,OPERATIONAL,establishment|food|grocery_or_supermarket|point_of_interest|store,ChIJ9Wp2rvjKSkERVmlVoXdlyBU,плодоовощная база оптовая,yes
Фудсиб,"ул. Пасечная, 1а, Садовый, Новосибирская обл., 630531",Садовый,Новосибирск,Новосибирская область,Russia,55.1218668,82.9263127,4,2305,OPERATIONAL,establishment|food|grocery_or_supermarket|point_of_interest|store,ChIJncScIEHw30IRQo04rIWbn9U,оптовый продовольственный рынок,check
"№ 2, Продбаза","пр. Бакунина, 6, Санкт-Петербург, 191024",Санкт-Петербург,Санкт-Петербург,Санкт-Петербург,Russia,59.930508,30.378097,5,1,OPERATIONAL,establishment|point_of_interest,ChIJh-cC5b4xlkYRMqoeB4VYK40,оптовая база продуктов питания,yes
База Салова 52,"Unnamed Road, Санкт-Петербург, 192236",Санкт-Петербург,Санкт-Петербург,Санкт-Петербург,Russia,59.88625129999999,30.3935608,4.3,78,OPERATIONAL,establishment|food|grocery_or_supermarket|point_of_interest|store,ChIJL0U53Q8vlkYRrf6N3SMfW9Y,оптовый продовольственный рынок,yes
Балтфрут,"Магнитогорская ул., 17, Санкт-Петербург, 195027",Санкт-Петербург,Санкт-Петербург,Санкт-Петербург,Russia,59.937037,30.423868,2.3,18,OPERATIONAL,establishment|point_of_interest,ChIJvbnhQx_LSkERg9GZeEwsKRs,оптовая база продуктов питания,check
Василеостровский рынок,"Большой проспект Васильевского острова, 16, Санкт-Петербург, 199034",Санкт-Петербург,Санкт-Петербург,Санкт-Петербург,Russia,59.939362,30.2852814,4.5,5988,OPERATIONAL,establishment|food|grocery_or_supermarket|point_of_interest|store,ChIJryax59kwlkYRWrZOGI_vO1s,оптовый продовольственный рынок,yes
"ГК ""Империя"" - комплексные поставки продуктов питания","пр. Непокорённых, 63, корп. 33, Санкт-Петербург, 195067",Санкт-Петербург,Санкт-Петербург,Санкт-Петербург,Russia,59.991812,30.405501,4.4,17,OPERATIONAL,establishment|food|point_of_interest|storage|store,ChIJvTRbXb0zlkYRPCCTFNu73MY,оптовая база продуктов питания,check
Гранд Сервис,"пр. Непокорённых, 63, корпус 30/2, Санкт-Петербург, 195067",Санкт-Петербург,Санкт-Петербург,Санкт-Петербург,Russia,59.99266240000001,30.4112056,4.4,58,OPERATIONAL,establishment|food|point_of_interest,ChIJYaxnEa4zlkYResoL4TSyyQs,оптовая база продуктов питания,check
Долгоозерный рынок,"ул. Ильюшина, 14, Санкт-Петербург, 197372",Санкт-Петербург,Санкт-Петербург,Санкт-Петербург,Russia,60.0081769,30.2459575,4.3,2148,OPERATIONAL,establishment|food|grocery_or_supermarket|point_of_interest|store,ChIJU1AKbzI0lkYR-6Io7BurwN0,оптовый продовольственный рынок,yes
ЕвроФудс (EuroFoods),"Рябовское шоссе, д.120, лит. Б, Санкт-Петербург, 195043",Санкт-Петербург,Санкт-Петербург,Санкт-Петербург,Russia,59.9845888,30.5132318,4.8,29,OPERATIONAL,establishment|food|point_of_interest,ChIJW1Fx530tlkYRMfeyZnrEyh4,оптовая база продуктов питания,check
ЗАРЯ,"пр. Непокорённых, 63к22, Санкт-Петербург, 195067",Санкт-Петербург,Санкт-Петербург,Санкт-Петербург,Russia,59.9921529,30.4093781,4.8,28,OPERATIONAL,establishment|food|grocery_or_supermarket|point_of_interest|store,ChIJy7XvlK0zlkYRcTDtM66BaDk,плодоовощная база оптовая,check
Калининская База,"пр. Непокорённых, 63, Санкт-Петербург, 195067",Санкт-Петербург,Санкт-Петербург,Санкт-Петербург,Russia,59.98983020000001,30.42139479999999,4,614,OPERATIONAL,establishment|food|point_of_interest,ChIJCYw9Pa4zlkYRi8nYZH1i09k,плодоовощная база оптовая,yes
Калининская овощебаза,"корп. 12, пр. Непокорённых, 63, Санкт-Петербург, 195067",Санкт-Петербург,Санкт-Петербург,Санкт-Петербург,Russia,59.9932276,30.4020148,4,4,OPERATIONAL,establishment|food|grocery_or_supermarket|point_of_interest|store,ChIJ1UmZJa4zlkYR_kBJyyhS1uk,плодоовощная база оптовая,yes
Калининская овощебаза Конкурент,"проспект Непокорённых, 63к14с1, Санкт-Петербург, 195067",Санкт-Петербург,Санкт-Петербург,Санкт-Петербург,Russia,59.9936082,30.4007525,4.1,32,OPERATIONAL,establishment|point_of_interest,ChIJrfAiPq0zlkYRFG21FJYb-i4,плодоовощная база оптовая,yes
Кировский рынок,"пр. Стачек, 54, Санкт-Петербург, 198097",Санкт-Петербург,Санкт-Петербург,Санкт-Петербург,Russia,59.882653,30.265014,4.1,1520,OPERATIONAL,establishment|point_of_interest,ChIJieniUH46lkYR2FXG4l9xGN8,оптовый продовольственный рынок,yes
Колпинская Овощная База,"ул. Севастьянова, 23а, Санкт-Петербург, 196655",Санкт-Петербург,Санкт-Петербург,Санкт-Петербург,Russia,59.75747879999999,30.6112993,4.3,3,OPERATIONAL,establishment|point_of_interest,ChIJNwkQiIcnlkYRusQoH2BUVz4,плодоовощная база оптовая,yes
Кузнечный рынок,"Кузнечный пер., 3, Санкт-Петербург, 191025",Санкт-Петербург,Санкт-Петербург,Санкт-Петербург,Russia,59.92737440000001,30.3491751,3.9,1630,OPERATIONAL,establishment|point_of_interest|store,ChIJu75nlK8xlkYRkbKa-1OxqDI,оптовый продовольственный рынок,yes
Мальцевский рынок,"ул. Некрасова, 52, Санкт-Петербург, 191014",Санкт-Петербург,Санкт-Петербург,Санкт-Петербург,Russia,59.9386496,30.3655886,3.7,1396,OPERATIONAL,establishment|point_of_interest,ChIJhYBdiJgxlkYRkq8Dmbu2_B4,оптовый продовольственный рынок,yes
Овощебаза,"Софийская ул., 60, Санкт-Петербург, 192241",Санкт-Петербург,Санкт-Петербург,Санкт-Петербург,Russia,59.8614402,30.4219778,4.1,83,OPERATIONAL,establishment|food|grocery_or_supermarket|point_of_interest|store,ChIJbVM_l5ovlkYR-KAm5xVRleU,оптовый продовольственный рынок,yes
Овощная база Непокоренных 63,"пр. Непокорённых, Санкт-Петербург, 195067",Санкт-Петербург,Санкт-Петербург,Санкт-Петербург,Russia,59.9944167,30.413244,2.5,2,OPERATIONAL,establishment|point_of_interest,ChIJ-bGO0T8zlkYRaj52UXsCDlc,плодоовощная база оптовая,yes
Овощной рынок на Непокоренных,"пр. Непокорённых, 63к26, Санкт-Петербург, 195067",Санкт-Петербург,Санкт-Петербург,Санкт-Петербург,Russia,59.99342720000001,30.4101352,4.3,350,OPERATIONAL,establishment|food|point_of_interest|store,ChIJ2Y75za0zlkYRqIQ0XHAEMDY,оптовый продовольственный рынок,yes
"ООО ""ВЕЛИКОРОСС""","ул. Салова, 27И, Санкт-Петербург, 192102",Санкт-Петербург,Санкт-Петербург,Санкт-Петербург,Russia,59.8957786,30.3726863,4.5,154,OPERATIONAL,establishment|point_of_interest,ChIJy7UhrDcwlkYRLXs1GGPxqMw,плодоовощная база оптовая,check
"ООО ""Нарт""","Софийская ул., 60, Санкт-Петербург, 192241",Санкт-Петербург,Санкт-Петербург,Санкт-Петербург,Russia,59.8587156,30.4233661,4,451,OPERATIONAL,establishment|food|point_of_interest,ChIJYfHE0povlkYRDCFDxYlYt_U,плодоовощная база оптовая,check
Оптовая База,"Софийская ул., 6, к. 6, Санкт-Петербург, 192236",Санкт-Петербург,Санкт-Петербург,Санкт-Петербург,Russia,59.88636019999999,30.3945408,4.3,1162,OPERATIONAL,establishment|food|grocery_or_supermarket|point_of_interest|store,ChIJ69hIjtsvlkYRGJuBsBgqSgU,оптовый продовольственный рынок,yes
Оптовый рынок овощей и фруктов,"Софийская ул., 60, Санкт-Петербург, 192241",Санкт-Петербург,Санкт-Петербург,Санкт-Петербург,Russia,59.85944000000001,30.422542,4.1,48,OPERATIONAL,establishment|food|point_of_interest|shopping_mall,ChIJYfHE0povlkYR1IIBK1_2X-s,оптовый продовольственный рынок,yes
Оптовый Склад,"4к3, Софийская ул., 4 корпус 3, Санкт-Петербург, 192102",Санкт-Петербург,Санкт-Петербург,Санкт-Петербург,Russia,59.889943,30.3904649,4.7,7,OPERATIONAL,establishment|food|grocery_or_supermarket|point_of_interest|store,ChIJqWV-p9kvlkYRnIHWzHwEbP4,оптовая база продуктов питания,yes
Плодовоовощная база,"Софийская ул., 60, Санкт-Петербург, 192241",Санкт-Петербург,Санкт-Петербург,Санкт-Петербург,Russia,59.85768820000001,30.4239477,4.1,71,OPERATIONAL,establishment|food|point_of_interest|store,ChIJi1kRxIQvlkYR_fu4whnGCUc,плодоовощная база оптовая,yes
Полюстровский Рынок,"Полюстровский пр., 45, Санкт-Петербург, 195197",Санкт-Петербург,Санкт-Петербург,Санкт-Петербург,Russia,59.9699034,30.3881235,4.2,6687,OPERATIONAL,establishment|point_of_interest,ChIJU9bIUS0ylkYREkPuKfVRDVM,оптовый продовольственный рынок,yes
Правобережный Рынок,"ул. Дыбенко, 16, Санкт-Петербург, 193168",Санкт-Петербург,Санкт-Петербург,Санкт-Петербург,Russia,59.904919,30.469152,4.1,2321,OPERATIONAL,establishment|food|grocery_or_supermarket|point_of_interest|store,ChIJJQRoCkQulkYRLmtzAj5bKhU,оптовый продовольственный рынок,yes
Продуктовый рынок,"пр. Стачек, 54, Санкт-Петербург, 198097",Санкт-Петербург,Санкт-Петербург,Санкт-Петербург,Russia,59.88266089999999,30.265048,4.3,211,OPERATIONAL,establishment|point_of_interest|shopping_mall,ChIJIdBxUH46lkYRSNr4YToTdTI,оптовый продовольственный рынок,yes
Продуктовый рынок Салова 52,"Софийская ул., 4 корпус 3, Санкт-Петербург, 192102",Санкт-Петербург,Санкт-Петербург,Санкт-Петербург,Russia,59.889817,30.391401,4.3,1674,OPERATIONAL,establishment|point_of_interest,ChIJ-_bfxd4vlkYRDhj7A2Rn_3A,оптовый продовольственный рынок,yes
РосПитание - оптовая поставка продуктов питания,"Невский пр., 3, Санкт-Петербург, 191186",Санкт-Петербург,Санкт-Петербург,Санкт-Петербург,Russia,59.93683679999999,30.3127669,4,2,OPERATIONAL,establishment|point_of_interest,ChIJhXBa7RoxlkYRD-SVZPSWT58,оптовая база продуктов питания,yes
Севко,"Мельничная ул., 14, 3 этаж, офис 311, Санкт-Петербург, 192019",Санкт-Петербург,Санкт-Петербург,Санкт-Петербург,Russia,59.914051,30.392644,4.5,2,OPERATIONAL,establishment|food|point_of_interest,ChIJqXXfv9ExlkYRMRSKbAE6rJ0,оптовая база продуктов питания,check
Сельскохозяйственный Рынок,"Торфяная дор., 2, Санкт-Петербург, 197374",Санкт-Петербург,Санкт-Петербург,Санкт-Петербург,Russia,59.98859179999999,30.2546776,4.3,355,OPERATIONAL,establishment|point_of_interest,ChIJhdFGpp82lkYRgzzD-TSVIQ4,сельскохозяйственный рынок,yes
Сельскохозяйственный Рынок,"Рынок Долгоозерный, ул. Ильюшина, 14, Санкт-Петербург, 197372",Санкт-Петербург,Санкт-Петербург,Санкт-Петербург,Russia,60.0074264,30.2458599,,,OPERATIONAL,establishment|point_of_interest,ChIJMSKHIDI0lkYRJPKL2aWoqqY,сельскохозяйственный рынок,yes
Сенной Рынок,"Московский пр-т., 4а, Санкт-Петербург, 190031",Санкт-Петербург,Санкт-Петербург,Санкт-Петербург,Russia,59.9245043,30.3197059,3.9,10795,OPERATIONAL,establishment|food|point_of_interest|store,ChIJD5uswwExlkYRKjto6Z0tiuI,оптовый продовольственный рынок,yes
Софийская база,"Софийская ул., 60, Санкт-Петербург, 192241",Санкт-Петербург,Санкт-Петербург,Санкт-Петербург,Russia,59.8586427,30.4227529,4,572,OPERATIONAL,establishment|food|point_of_interest,ChIJ1x8r25wvlkYRL9xDrhcIrLU,оптовый продовольственный рынок,yes
Софийский рынок,"Софийская ул., 60, Санкт-Петербург, 192241",Санкт-Петербург,Санкт-Петербург,Санкт-Петербург,Russia,59.8592364,30.4220823,3.9,988,OPERATIONAL,establishment|point_of_interest,ChIJ9ethI5svlkYRDstjEC2r4zc,оптовый продовольственный рынок,yes
"Торговый Дом ""Южный""","ул. Орджоникидзе, 44 корпус 5, Санкт-Петербург, 196143",Санкт-Петербург,Санкт-Петербург,Санкт-Петербург,Russia,59.845672,30.34567,4.1,132,OPERATIONAL,establishment|food|grocery_or_supermarket|point_of_interest|real_estate_agency|shopping_mall|store,ChIJfcRBvEgllkYRx9dDI8-WpiY,оптовый продовольственный рынок,check
Торговый дом ЛКЗ,"Лиговский пр., 123А, Санкт-Петербург, 191119",Санкт-Петербург,Санкт-Петербург,Санкт-Петербург,Russia,59.91855700000001,30.3516568,5,1,OPERATIONAL,establishment|food|point_of_interest,ChIJQTE8uLIxlkYRI2bOqi5FE2U,оптовая база продуктов питания,check
Фруктовиков,"Софийская ул., 60, к. 19/3, Санкт-Петербург, 192174",Санкт-Петербург,Санкт-Петербург,Санкт-Петербург,Russia,59.85958439999999,30.4313458,4.5,55,OPERATIONAL,establishment|food|point_of_interest,ChIJYfHE0povlkYRSxuzzuVBvOE,плодоовощная база оптовая,check
Фруктово-Овощная база,"корп. 2, пр. Непокорённых, 63, Санкт-Петербург, 195220",Санкт-Петербург,Санкт-Петербург,Санкт-Петербург,Russia,59.99268960000001,30.3779152,3.3,7,OPERATIONAL,establishment|point_of_interest,ChIJ6yMJHLwzlkYRe-GAyWU6cQU,плодоовощная база оптовая,yes
Хасанский рынок,"Санкт-Петербург, 195298",Санкт-Петербург,Санкт-Петербург,Санкт-Петербург,Russia,59.9355583,30.4901142,4.3,550,OPERATIONAL,establishment|point_of_interest,ChIJSeiCBOEtlkYRbRM4_AzmcCo,оптовый продовольственный рынок,yes
Шушары,"Первомайская ул., 15, Санкт-Петербург, 196626",Санкт-Петербург,Санкт-Петербург,Санкт-Петербург,Russia,59.8070713,30.3774408,3.7,288,OPERATIONAL,establishment|food|point_of_interest,ChIJK4cl1YonlkYReCf1knIQGyQ,плодоовощная база оптовая,check
Южный. Фермерские продукты,"пр. Юрия Гагарина, д. 34, к. 3, лит. А, Санкт-Петербург, 196143",Санкт-Петербург,Санкт-Петербург,Санкт-Петербург,Russia,59.8466682,30.3408654,4.2,1391,OPERATIONAL,establishment|food|point_of_interest|shopping_mall|store,ChIJG55IPEkllkYR0thm95P3Hss,оптовый продовольственный рынок,check
Юника Трейд,"Лиговский пр., 50 корпус 14, Санкт-Петербург, 191040",Санкт-Петербург,Санкт-Петербург,Санкт-Петербург,Russia,59.923289,30.3618581,,,OPERATIONAL,establishment|point_of_interest,ChIJBQdDmNYxlkYR14-Rt7kItYY,оптовая база продуктов питания,check
