Subscription Group Reference Name,Group Display Name EN,Group Display Name RU,Product ID,Reference Name,Level,Duration,Price RUB,Display Name EN,Display Name RU,Description EN,Description RU
seller,AgroTraders Seller plans,Тарифы AgroTraders: Продавец,seller_standard_monthly,Seller Standard – Monthly,2,1 Month,2900,Standard · Monthly,Стандарт · Месяц,50 active listings,50 активных объявлений
seller,AgroTraders Seller plans,Тарифы AgroTraders: Продавец,seller_standard_quarterly,Seller Standard – Quarterly,2,3 Months,7900,Standard · Quarterly,Стандарт · Квартал,50 active listings,50 активных объявлений
seller,AgroTraders Seller plans,Тарифы AgroTraders: Продавец,seller_standard_yearly,Seller Standard – Yearly,2,1 Year,24900,Standard · Yearly,Стандарт · Год,50 active listings,50 активных объявлений
seller,AgroTraders Seller plans,Тарифы AgroTraders: Продавец,seller_pro_monthly,Seller Pro – Monthly,1,1 Month,7900,Pro · Monthly,Про · Месяц,Unlimited active listings,Без ограничений активных объявлений
seller,AgroTraders Seller plans,Тарифы AgroTraders: Продавец,seller_pro_quarterly,Seller Pro – Quarterly,1,3 Months,21900,Pro · Quarterly,Про · Квартал,Unlimited active listings,Без ограничений активных объявлений
seller,AgroTraders Seller plans,Тарифы AgroTraders: Продавец,seller_pro_yearly,Seller Pro – Yearly,1,1 Year,66900,Pro · Yearly,Про · Год,Unlimited active listings,Без ограничений активных объявлений
transporter,AgroTraders Transporter plans,Тарифы AgroTraders: Перевозчик,transporter_standard_monthly,Transporter Standard – Monthly,2,1 Month,3900,Standard · Monthly,Стандарт · Месяц,"5 vehicles in your profile, 5 driver sub-accounts","5 транспортных средств в профиле, 5 аккаунтов водителей"
transporter,AgroTraders Transporter plans,Тарифы AgroTraders: Перевозчик,transporter_standard_quarterly,Transporter Standard – Quarterly,2,3 Months,10500,Standard · Quarterly,Стандарт · Квартал,"5 vehicles in your profile, 5 driver sub-accounts","5 транспортных средств в профиле, 5 аккаунтов водителей"
transporter,AgroTraders Transporter plans,Тарифы AgroTraders: Перевозчик,transporter_standard_yearly,Transporter Standard – Yearly,2,1 Year,32900,Standard · Yearly,Стандарт · Год,"5 vehicles in your profile, 5 driver sub-accounts","5 транспортных средств в профиле, 5 аккаунтов водителей"
transporter,AgroTraders Transporter plans,Тарифы AgroTraders: Перевозчик,transporter_fleet_monthly,Transporter Fleet – Monthly,1,1 Month,9900,Fleet · Monthly,Флот · Месяц,Unlimited vehicles in your profile,Без ограничений транспортных средств в профиле
transporter,AgroTraders Transporter plans,Тарифы AgroTraders: Перевозчик,transporter_fleet_quarterly,Transporter Fleet – Quarterly,1,3 Months,26900,Fleet · Quarterly,Флот · Квартал,Unlimited vehicles in your profile,Без ограничений транспортных средств в профиле
transporter,AgroTraders Transporter plans,Тарифы AgroTraders: Перевозчик,transporter_fleet_yearly,Transporter Fleet – Yearly,1,1 Year,83900,Fleet · Yearly,Флот · Год,Unlimited vehicles in your profile,Без ограничений транспортных средств в профиле
loaderco,AgroTraders Loader Co plans,Тарифы AgroTraders: Погрузочная компания,loaderco_standard_monthly,Loader Co Standard – Monthly,2,1 Month,2900,Standard · Monthly,Стандарт · Месяц,"10 managed workers, 5 service areas","10 рабочих в управлении, 5 зон обслуживания"
loaderco,AgroTraders Loader Co plans,Тарифы AgroTraders: Погрузочная компания,loaderco_standard_quarterly,Loader Co Standard – Quarterly,2,3 Months,7900,Standard · Quarterly,Стандарт · Квартал,"10 managed workers, 5 service areas","10 рабочих в управлении, 5 зон обслуживания"
loaderco,AgroTraders Loader Co plans,Тарифы AgroTraders: Погрузочная компания,loaderco_standard_yearly,Loader Co Standard – Yearly,2,1 Year,24900,Standard · Yearly,Стандарт · Год,"10 managed workers, 5 service areas","10 рабочих в управлении, 5 зон обслуживания"
loaderco,AgroTraders Loader Co plans,Тарифы AgroTraders: Погрузочная компания,loaderco_pro_monthly,Loader Co Pro – Monthly,1,1 Month,6900,Pro · Monthly,Про · Месяц,50 managed workers,50 рабочих в управлении
loaderco,AgroTraders Loader Co plans,Тарифы AgroTraders: Погрузочная компания,loaderco_pro_quarterly,Loader Co Pro – Quarterly,1,3 Months,18900,Pro · Quarterly,Про · Квартал,50 managed workers,50 рабочих в управлении
loaderco,AgroTraders Loader Co plans,Тарифы AgroTraders: Погрузочная компания,loaderco_pro_yearly,Loader Co Pro – Yearly,1,1 Year,57900,Pro · Yearly,Про · Год,50 managed workers,50 рабочих в управлении
workerco,AgroTraders Worker Company plans,Тарифы AgroTraders: Компания-подрядчик,workerco_standard_monthly,Worker Company Standard – Monthly,2,1 Month,2900,Standard · Monthly,Стандарт · Месяц,"10 managed workers, 5 service areas","10 рабочих в управлении, 5 зон обслуживания"
workerco,AgroTraders Worker Company plans,Тарифы AgroTraders: Компания-подрядчик,workerco_standard_quarterly,Worker Company Standard – Quarterly,2,3 Months,7900,Standard · Quarterly,Стандарт · Квартал,"10 managed workers, 5 service areas","10 рабочих в управлении, 5 зон обслуживания"
workerco,AgroTraders Worker Company plans,Тарифы AgroTraders: Компания-подрядчик,workerco_standard_yearly,Worker Company Standard – Yearly,2,1 Year,24900,Standard · Yearly,Стандарт · Год,"10 managed workers, 5 service areas","10 рабочих в управлении, 5 зон обслуживания"
workerco,AgroTraders Worker Company plans,Тарифы AgroTraders: Компания-подрядчик,workerco_pro_monthly,Worker Company Pro – Monthly,1,1 Month,6900,Pro · Monthly,Про · Месяц,50 managed workers,50 рабочих в управлении
workerco,AgroTraders Worker Company plans,Тарифы AgroTraders: Компания-подрядчик,workerco_pro_quarterly,Worker Company Pro – Quarterly,1,3 Months,18900,Pro · Quarterly,Про · Квартал,50 managed workers,50 рабочих в управлении
workerco,AgroTraders Worker Company plans,Тарифы AgroTraders: Компания-подрядчик,workerco_pro_yearly,Worker Company Pro – Yearly,1,1 Year,57900,Pro · Yearly,Про · Год,50 managed workers,50 рабочих в управлении
accountant,AgroTraders Accountant plans,Тарифы AgroTraders: Бухгалтер,accountant_standard_monthly,Accountant Standard – Monthly,2,1 Month,4900,Standard · Monthly,Стандарт · Месяц,"25 priced services, 5 service areas","25 услуг с ценой, 5 зон обслуживания"
accountant,AgroTraders Accountant plans,Тарифы AgroTraders: Бухгалтер,accountant_standard_quarterly,Accountant Standard – Quarterly,2,3 Months,13200,Standard · Quarterly,Стандарт · Квартал,"25 priced services, 5 service areas","25 услуг с ценой, 5 зон обслуживания"
accountant,AgroTraders Accountant plans,Тарифы AgroTraders: Бухгалтер,accountant_standard_yearly,Accountant Standard – Yearly,2,1 Year,40900,Standard · Yearly,Стандарт · Год,"25 priced services, 5 service areas","25 услуг с ценой, 5 зон обслуживания"
accountant,AgroTraders Accountant plans,Тарифы AgroTraders: Бухгалтер,accountant_pro_monthly,Accountant Pro – Monthly,1,1 Month,11900,Pro · Monthly,Про · Месяц,Unlimited priced services,Без ограничений услуг с ценой
accountant,AgroTraders Accountant plans,Тарифы AgroTraders: Бухгалтер,accountant_pro_quarterly,Accountant Pro – Quarterly,1,3 Months,32900,Pro · Quarterly,Про · Квартал,Unlimited priced services,Без ограничений услуг с ценой
accountant,AgroTraders Accountant plans,Тарифы AgroTraders: Бухгалтер,accountant_pro_yearly,Accountant Pro – Yearly,1,1 Year,99900,Pro · Yearly,Про · Год,Unlimited priced services,Без ограничений услуг с ценой
packer,AgroTraders Packing partner plans,Тарифы AgroTraders: Партнер по упаковке,packer_standard_monthly,Packing partner Standard – Monthly,2,1 Month,4900,Standard · Monthly,Стандарт · Месяц,"25 priced services, 5 service areas","25 услуг с ценой, 5 зон обслуживания"
packer,AgroTraders Packing partner plans,Тарифы AgroTraders: Партнер по упаковке,packer_standard_quarterly,Packing partner Standard – Quarterly,2,3 Months,13200,Standard · Quarterly,Стандарт · Квартал,"25 priced services, 5 service areas","25 услуг с ценой, 5 зон обслуживания"
packer,AgroTraders Packing partner plans,Тарифы AgroTraders: Партнер по упаковке,packer_standard_yearly,Packing partner Standard – Yearly,2,1 Year,40900,Standard · Yearly,Стандарт · Год,"25 priced services, 5 service areas","25 услуг с ценой, 5 зон обслуживания"
packer,AgroTraders Packing partner plans,Тарифы AgroTraders: Партнер по упаковке,packer_pro_monthly,Packing partner Pro – Monthly,1,1 Month,11900,Pro · Monthly,Про · Месяц,Unlimited priced services,Без ограничений услуг с ценой
packer,AgroTraders Packing partner plans,Тарифы AgroTraders: Партнер по упаковке,packer_pro_quarterly,Packing partner Pro – Quarterly,1,3 Months,32900,Pro · Quarterly,Про · Квартал,Unlimited priced services,Без ограничений услуг с ценой
packer,AgroTraders Packing partner plans,Тарифы AgroTraders: Партнер по упаковке,packer_pro_yearly,Packing partner Pro – Yearly,1,1 Year,99900,Pro · Yearly,Про · Год,Unlimited priced services,Без ограничений услуг с ценой
fulfillment_partner,AgroTraders Fulfilment partner plans,Тарифы AgroTraders: Партнер по фулфилменту,fulfillment_partner_standard_monthly,Fulfilment partner Standard – Monthly,2,1 Month,4900,Standard · Monthly,Стандарт · Месяц,"25 priced services, 5 service areas","25 услуг с ценой, 5 зон обслуживания"
fulfillment_partner,AgroTraders Fulfilment partner plans,Тарифы AgroTraders: Партнер по фулфилменту,fulfillment_partner_standard_quarterly,Fulfilment partner Standard – Quarterly,2,3 Months,13200,Standard · Quarterly,Стандарт · Квартал,"25 priced services, 5 service areas","25 услуг с ценой, 5 зон обслуживания"
fulfillment_partner,AgroTraders Fulfilment partner plans,Тарифы AgroTraders: Партнер по фулфилменту,fulfillment_partner_standard_yearly,Fulfilment partner Standard – Yearly,2,1 Year,40900,Standard · Yearly,Стандарт · Год,"25 priced services, 5 service areas","25 услуг с ценой, 5 зон обслуживания"
fulfillment_partner,AgroTraders Fulfilment partner plans,Тарифы AgroTraders: Партнер по фулфилменту,fulfillment_partner_pro_monthly,Fulfilment partner Pro – Monthly,1,1 Month,11900,Pro · Monthly,Про · Месяц,Unlimited priced services,Без ограничений услуг с ценой
fulfillment_partner,AgroTraders Fulfilment partner plans,Тарифы AgroTraders: Партнер по фулфилменту,fulfillment_partner_pro_quarterly,Fulfilment partner Pro – Quarterly,1,3 Months,32900,Pro · Quarterly,Про · Квартал,Unlimited priced services,Без ограничений услуг с ценой
fulfillment_partner,AgroTraders Fulfilment partner plans,Тарифы AgroTraders: Партнер по фулфилменту,fulfillment_partner_pro_yearly,Fulfilment partner Pro – Yearly,1,1 Year,99900,Pro · Yearly,Про · Год,Unlimited priced services,Без ограничений услуг с ценой
finance_partner,AgroTraders Financial services plans,Тарифы AgroTraders: Финансовые услуги,finance_partner_standard_monthly,Financial services Standard – Monthly,2,1 Month,4900,Standard · Monthly,Стандарт · Месяц,"25 priced services, 5 service areas","25 услуг с ценой, 5 зон обслуживания"
finance_partner,AgroTraders Financial services plans,Тарифы AgroTraders: Финансовые услуги,finance_partner_standard_quarterly,Financial services Standard – Quarterly,2,3 Months,13200,Standard · Quarterly,Стандарт · Квартал,"25 priced services, 5 service areas","25 услуг с ценой, 5 зон обслуживания"
finance_partner,AgroTraders Financial services plans,Тарифы AgroTraders: Финансовые услуги,finance_partner_standard_yearly,Financial services Standard – Yearly,2,1 Year,40900,Standard · Yearly,Стандарт · Год,"25 priced services, 5 service areas","25 услуг с ценой, 5 зон обслуживания"
finance_partner,AgroTraders Financial services plans,Тарифы AgroTraders: Финансовые услуги,finance_partner_pro_monthly,Financial services Pro – Monthly,1,1 Month,11900,Pro · Monthly,Про · Месяц,Unlimited priced services,Без ограничений услуг с ценой
finance_partner,AgroTraders Financial services plans,Тарифы AgroTraders: Финансовые услуги,finance_partner_pro_quarterly,Financial services Pro – Quarterly,1,3 Months,32900,Pro · Quarterly,Про · Квартал,Unlimited priced services,Без ограничений услуг с ценой
finance_partner,AgroTraders Financial services plans,Тарифы AgroTraders: Финансовые услуги,finance_partner_pro_yearly,Financial services Pro – Yearly,1,1 Year,99900,Pro · Yearly,Про · Год,Unlimited priced services,Без ограничений услуг с ценой
processor,AgroTraders Processing partner plans,Тарифы AgroTraders: Партнер по переработке,processor_standard_monthly,Processing partner Standard – Monthly,2,1 Month,6900,Standard · Monthly,Стандарт · Месяц,"25 priced services, 5 service areas","25 услуг с ценой, 5 зон обслуживания"
processor,AgroTraders Processing partner plans,Тарифы AgroTraders: Партнер по переработке,processor_standard_quarterly,Processing partner Standard – Quarterly,2,3 Months,18900,Standard · Quarterly,Стандарт · Квартал,"25 priced services, 5 service areas","25 услуг с ценой, 5 зон обслуживания"
processor,AgroTraders Processing partner plans,Тарифы AgroTraders: Партнер по переработке,processor_standard_yearly,Processing partner Standard – Yearly,2,1 Year,57900,Standard · Yearly,Стандарт · Год,"25 priced services, 5 service areas","25 услуг с ценой, 5 зон обслуживания"
processor,AgroTraders Processing partner plans,Тарифы AgroTraders: Партнер по переработке,processor_pro_monthly,Processing partner Pro – Monthly,1,1 Month,11900,Pro · Monthly,Про · Месяц,Unlimited priced services,Без ограничений услуг с ценой
processor,AgroTraders Processing partner plans,Тарифы AgroTraders: Партнер по переработке,processor_pro_quarterly,Processing partner Pro – Quarterly,1,3 Months,32900,Pro · Quarterly,Про · Квартал,Unlimited priced services,Без ограничений услуг с ценой
processor,AgroTraders Processing partner plans,Тарифы AgroTraders: Партнер по переработке,processor_pro_yearly,Processing partner Pro – Yearly,1,1 Year,99900,Pro · Yearly,Про · Год,Unlimited priced services,Без ограничений услуг с ценой
legal_advisor,AgroTraders Legal advisor plans,Тарифы AgroTraders: Юрист,legal_advisor_standard_monthly,Legal advisor Standard – Monthly,2,1 Month,4900,Standard · Monthly,Стандарт · Месяц,"25 priced services, 5 service areas","25 услуг с ценой, 5 зон обслуживания"
legal_advisor,AgroTraders Legal advisor plans,Тарифы AgroTraders: Юрист,legal_advisor_standard_quarterly,Legal advisor Standard – Quarterly,2,3 Months,13200,Standard · Quarterly,Стандарт · Квартал,"25 priced services, 5 service areas","25 услуг с ценой, 5 зон обслуживания"
legal_advisor,AgroTraders Legal advisor plans,Тарифы AgroTraders: Юрист,legal_advisor_standard_yearly,Legal advisor Standard – Yearly,2,1 Year,40900,Standard · Yearly,Стандарт · Год,"25 priced services, 5 service areas","25 услуг с ценой, 5 зон обслуживания"
legal_advisor,AgroTraders Legal advisor plans,Тарифы AgroTraders: Юрист,legal_advisor_pro_monthly,Legal advisor Pro – Monthly,1,1 Month,11900,Pro · Monthly,Про · Месяц,Unlimited priced services,Без ограничений услуг с ценой
legal_advisor,AgroTraders Legal advisor plans,Тарифы AgroTraders: Юрист,legal_advisor_pro_quarterly,Legal advisor Pro – Quarterly,1,3 Months,32900,Pro · Quarterly,Про · Квартал,Unlimited priced services,Без ограничений услуг с ценой
legal_advisor,AgroTraders Legal advisor plans,Тарифы AgroTraders: Юрист,legal_advisor_pro_yearly,Legal advisor Pro – Yearly,1,1 Year,99900,Pro · Yearly,Про · Год,Unlimited priced services,Без ограничений услуг с ценой
